students_id,first_name,last_name,email,gender,age,phone_number
1,Gerhard,Butler-Bowdon,gbutlerbowdon0@feedburner.com,Male,23,571-996-5556
2,Bruis,Branno,bbranno1@merriam-webster.com,Male,24,603-960-1290
3,Gauthier,O'Coskerry,gocoskerry2@ca.gov,Male,16,292-589-8505
4,Weider,Jentges,wjentges3@godaddy.com,Male,19,140-731-4221
5,Averil,Lillecrap,alillecrap4@delicious.com,Male,21,662-611-7590
6,Saw,Hucke,shucke5@soundcloud.com,Male,20,818-744-1384
7,Belicia,Yegorovnin,byegorovnin6@flickr.com,Agender,23,329-770-6129
8,Kesley,Paffett,kpaffett7@dagondesign.com,Female,25,344-990-2858
9,Catie,Blevin,cblevin8@vkontakte.ru,Female,19,820-845-2769
10,Rozalie,Pawle,rpawle9@edublogs.org,Female,20,336-441-1610
11,Rayshell,Loveman,rlovemana@t-online.de,Female,23,362-984-1587
12,Neddie,Fydo,nfydob@comcast.net,Male,16,725-424-0366
13,Alberto,Sunnucks,asunnucksc@newyorker.com,Male,24,568-620-0419
14,Lavina,Tourot,ltourotd@infoseek.co.jp,Genderfluid,17,370-956-7571
15,Augustine,Littlejohns,alittlejohnse@infoseek.co.jp,Female,18,284-272-4138
16,Aundrea,Yuryaev,ayuryaevf@theglobeandmail.com,Female,17,942-609-0992
17,Kaela,McCaskill,kmccaskillg@instagram.com,Female,21,767-182-5348
18,Idette,Mowbray,imowbrayh@house.gov,Female,22,534-468-2906
19,Griswold,Gibling,ggiblingi@census.gov,Male,16,967-309-9117
20,Almeda,Ranby,aranbyj@amazon.com,Female,20,895-552-5623
21,Kinnie,Rumgay,krumgayk@cpanel.net,Male,21,283-421-4475
22,Zerk,Whittington,zwhittingtonl@netlog.com,Male,21,419-493-8681
23,Modesty,Mattes,mmattesm@4shared.com,Female,25,231-681-8462
24,Cart,Pavluk,cpavlukn@wikipedia.org,Male,25,694-940-5846
25,Trina,Moy,tmoyo@technorati.com,Female,24,871-129-8840
26,Lezley,Boome,lboomep@domainmarket.com,Male,19,240-302-5255
27,Orel,Scriviner,oscrivinerq@infoseek.co.jp,Female,18,300-932-4023
28,Rona,Starmore,rstarmorer@taobao.com,Female,17,369-256-1867
29,Roxy,Conklin,rconklins@phoca.cz,Female,25,212-944-4075
30,Tamar,Strodder,tstroddert@shinystat.com,Female,24,639-289-7722
31,Zorina,Calken,zcalkenu@army.mil,Female,24,261-459-4225
32,Hyatt,Beston,hbestonv@barnesandnoble.com,Male,23,638-634-5215
33,Russ,Dubery,rduberyw@ning.com,Male,16,530-807-6813
34,Claudetta,Jandourek,cjandourekx@msu.edu,Genderfluid,22,639-686-0598
35,Norbie,Clemot,nclemoty@people.com.cn,Male,16,629-189-4797
36,Moria,Spacie,mspaciez@dyndns.org,Female,20,746-417-6637
37,Kele,Warton,kwarton10@wisc.edu,Male,17,702-327-6189
38,Myrtice,Hearson,mhearson11@devhub.com,Non-binary,16,309-112-3561
39,Dolli,Thorneywork,dthorneywork12@shop-pro.jp,Female,25,713-595-1192
40,Beatrice,Greenfield,bgreenfield13@amazon.com,Female,19,412-756-3719
41,Ciro,Phinnessy,cphinnessy14@dell.com,Male,22,703-377-2354
42,Gayler,Iacovolo,giacovolo15@twitpic.com,Male,17,805-384-4017
43,Kit,Stranieri,kstranieri16@blogger.com,Male,25,682-126-9056
44,Kelvin,Filippucci,kfilippucci17@tripod.com,Male,16,809-291-8405
45,Cassandry,Prodrick,cprodrick18@eventbrite.com,Female,20,586-465-4443
46,Jillene,Slemming,jslemming19@networksolutions.com,Female,18,789-451-2214
47,Marlo,Alesio,malesio1a@indiatimes.com,Female,16,858-984-4143
48,Jacky,Clampton,jclampton1b@independent.co.uk,Male,22,354-628-1687
49,Tony,McNamara,tmcnamara1c@github.com,Agender,16,242-958-6592
50,Tallia,Casterot,tcasterot1d@last.fm,Female,19,647-522-3497
51,Rab,Klimochkin,rklimochkin1e@independent.co.uk,Male,20,350-165-5518
52,Renell,Ryves,rryves1f@blogs.com,Female,25,462-846-1733
53,Nissy,Whitter,nwhitter1g@utexas.edu,Female,21,821-749-7671
54,Arther,Sargant,asargant1h@slideshare.net,Male,19,174-230-1574
55,Sampson,Dikes,sdikes1i@freewebs.com,Male,18,409-835-3629
56,Kaela,Waud,kwaud1j@oakley.com,Agender,17,244-658-4151
57,Sophie,Geering,sgeering1k@wix.com,Agender,21,626-848-1224
58,Wanids,Eckhard,weckhard1l@ca.gov,Female,18,647-700-6376
59,Trula,Ormond,tormond1m@networksolutions.com,Female,20,876-840-6876
60,Terrel,Gayne,tgayne1n@nyu.edu,Male,21,742-650-2117
61,Nobe,Bohike,nbohike1o@cbc.ca,Male,22,975-300-8160
62,Pierette,Dandie,pdandie1p@parallels.com,Female,24,735-728-0801
63,Gradey,Wrathall,gwrathall1q@samsung.com,Male,16,201-416-5167
64,Cooper,Hasnip,chasnip1r@edublogs.org,Male,20,278-632-7171
65,Borden,Ranyelld,branyelld1s@istockphoto.com,Male,18,306-813-4053
66,Marinna,Di Bernardo,mdibernardo1t@bravesites.com,Non-binary,19,854-213-5025
67,Gwyneth,Bernardon,gbernardon1u@is.gd,Female,24,587-840-5281
68,Terrell,Houlaghan,thoulaghan1v@europa.eu,Male,17,483-644-8605
69,Ludvig,Pydcock,lpydcock1w@amazon.co.jp,Male,21,792-105-6429
70,Carlie,Meale,cmeale1x@aboutads.info,Bigender,24,427-527-4355
71,Selena,Thowless,sthowless1y@nature.com,Female,18,740-865-3214
72,Eirena,Beeby,ebeeby1z@nydailynews.com,Female,17,988-843-2481
73,Bili,Swanton,bswanton20@netlog.com,Female,17,356-811-5979
74,Gradey,Regi,gregi21@unesco.org,Male,17,914-664-6430
75,Jeanette,Ridgers,jridgers22@icio.us,Female,19,685-450-9855
76,Nerita,Vick,nvick23@themeforest.net,Female,22,914-825-6697
77,Rudolf,Allenson,rallenson24@sbwire.com,Male,18,208-326-7534
78,Felizio,Battista,fbattista25@google.com,Male,23,440-441-0065
79,Fabiano,Moodey,fmoodey26@wunderground.com,Male,22,148-842-0135
80,Alexander,Flecknell,aflecknell27@sina.com.cn,Male,21,594-148-8277
81,Geoff,Mallalieu,gmallalieu28@ebay.com,Male,16,773-508-1361
82,Saba,Jackett,sjackett29@cornell.edu,Female,18,772-470-8857
83,Edythe,Gruszecki,egruszecki2a@bloglovin.com,Female,25,139-423-8725
84,Sada,Tivenan,stivenan2b@hubpages.com,Female,16,130-553-8117
85,Letisha,Shevelin,lshevelin2c@netscape.com,Female,23,580-866-5536
86,Derron,Jirousek,djirousek2d@fotki.com,Male,19,680-384-9474
87,Pip,Stronghill,pstronghill2e@foxnews.com,Non-binary,17,896-799-7329
88,Giacomo,Lenaghen,glenaghen2f@sourceforge.net,Male,22,178-212-9984
89,Courtney,Attenbarrow,cattenbarrow2g@sphinn.com,Male,21,719-519-2960
90,Casandra,Fidgin,cfidgin2h@csmonitor.com,Agender,19,435-128-0164
91,Mel,Parzis,mparzis2i@skype.com,Male,20,803-457-5218
92,Lilas,McTague,lmctague2j@blogtalkradio.com,Female,20,485-295-2852
93,Sallyanne,Tewes,stewes2k@shinystat.com,Female,25,138-712-8441
94,Conrade,Runham,crunham2l@hc360.com,Genderqueer,24,187-231-4343
95,Hendrika,Durham,hdurham2m@sfgate.com,Female,25,305-721-8440
96,Edita,Saxton,esaxton2n@eepurl.com,Female,25,845-577-5890
97,Ethe,Stangroom,estangroom2o@usnews.com,Male,21,307-379-0546
98,Joni,Spenley,jspenley2p@huffingtonpost.com,Female,20,331-642-0069
99,Emmy,Lesser,elesser2q@cmu.edu,Bigender,22,646-777-2507
100,Gilberta,Voden,gvoden2r@mayoclinic.com,Female,20,649-958-6446
101,Norby,Andri,nandri2s@freewebs.com,Male,23,901-607-5758
102,Jerrylee,Perone,jperone2t@tuttocitta.it,Female,21,324-758-0829
103,Kippie,Shemwell,kshemwell2u@squidoo.com,Female,17,556-112-2061
104,Austine,Comusso,acomusso2v@nifty.com,Female,18,952-884-0386
105,Eberto,Gisburn,egisburn2w@shinystat.com,Male,22,656-320-8628
106,Gracie,Curtois,gcurtois2x@unesco.org,Female,21,655-386-1103
107,Flss,Honisch,fhonisch2y@oracle.com,Female,21,584-518-5660
108,Kynthia,Slocumb,kslocumb2z@amazon.co.uk,Female,21,867-714-9284
109,Clarissa,Gallo,cgallo30@sfgate.com,Female,25,590-208-9548
110,Missie,Oldrey,moldrey31@virginia.edu,Female,22,183-223-2366
111,Mirella,Hallen,mhallen32@163.com,Female,25,242-802-6794
112,Marjy,Iannetti,miannetti33@cargocollective.com,Female,21,383-298-3223
113,Stillmann,Deaton,sdeaton34@usda.gov,Male,18,720-282-6049
114,Shelbi,Nickoll,snickoll35@newyorker.com,Female,24,883-135-9532
115,Reggie,Louiset,rlouiset36@macromedia.com,Female,21,154-466-9332
116,Cristabel,Murphy,cmurphy37@indiegogo.com,Female,18,397-530-3852
117,Maurine,Mignot,mmignot38@digg.com,Female,16,909-891-7736
118,Morris,Margaret,mmargaret39@cdbaby.com,Male,21,354-278-5089
119,Harland,Feirn,hfeirn3a@hao123.com,Male,19,442-634-7797
120,Xever,Winsper,xwinsper3b@mtv.com,Male,20,377-981-1747
121,Reuben,Madison,rmadison3c@berkeley.edu,Male,17,678-160-3404
122,Sloane,Bellhouse,sbellhouse3d@sourceforge.net,Male,20,346-176-9650
123,Bert,Pember,bpember3e@vkontakte.ru,Male,20,778-560-8694
124,Susy,Compton,scompton3f@webmd.com,Female,17,964-893-3991
125,Iona,Kinzel,ikinzel3g@patch.com,Female,25,974-657-8576
126,Happy,Abramsky,habramsky3h@bluehost.com,Female,23,688-499-6095
127,Jameson,Gosswell,jgosswell3i@nsw.gov.au,Male,22,595-216-0944
128,Pernell,Stallon,pstallon3j@discovery.com,Male,17,452-894-4131
129,Pincas,Butts,pbutts3k@tmall.com,Male,20,651-906-6405
130,Ad,Andric,aandric3l@si.edu,Male,17,778-487-5535
131,Delmore,Cheesworth,dcheesworth3m@edublogs.org,Male,16,887-795-3440
132,Layton,Jacqueminot,ljacqueminot3n@google.cn,Male,23,994-721-4681
133,Gisela,Rawes,grawes3o@amazon.de,Female,23,420-532-1831
134,Frasquito,Phillips,fphillips3p@walmart.com,Male,24,790-949-0985
135,Baryram,Cristoforo,bcristoforo3q@nhs.uk,Male,22,887-987-9004
136,Bernadene,Mix,bmix3r@msu.edu,Female,21,271-505-6928
137,Hayward,Ramsell,hramsell3s@1688.com,Male,24,902-117-5476
138,Sterling,Farraway,sfarraway3t@goo.gl,Bigender,16,531-975-7561
139,La verne,Langlais,llanglais3u@jalbum.net,Female,25,137-689-2744
140,Nevin,Yakobovicz,nyakobovicz3v@joomla.org,Male,19,201-185-4116
141,Inger,Camfield,icamfield3w@istockphoto.com,Female,19,175-572-5160
142,Bat,De La Coste,bdelacoste3x@mozilla.com,Male,16,867-570-5386
143,Armin,Charge,acharge3y@java.com,Male,19,272-673-7923
144,Bessie,Yepiskopov,byepiskopov3z@opera.com,Female,25,137-484-3386
145,Vita,Leroux,vleroux40@mit.edu,Female,25,722-452-2554
146,Bonnibelle,Veregan,bveregan41@qq.com,Female,22,269-470-3978
147,Wiley,Schuchmacher,wschuchmacher42@cyberchimps.com,Male,20,197-188-6117
148,Guntar,Rzehor,grzehor43@livejournal.com,Polygender,19,685-107-7374
149,Ginni,Conws,gconws44@163.com,Bigender,20,326-607-0665
150,Monah,Etridge,metridge45@prlog.org,Female,17,644-295-9945
151,Enid,Bemment,ebemment46@ustream.tv,Female,17,181-320-8695
152,Tomaso,Stracey,tstracey47@amazonaws.com,Bigender,18,610-784-3607
153,Bartlet,Batts,bbatts48@springer.com,Male,21,709-889-6260
154,Alden,De Marchi,ademarchi49@nih.gov,Male,17,536-196-4654
155,Randi,Presnell,rpresnell4a@tripadvisor.com,Male,17,894-219-6210
156,Lindsy,Collinette,lcollinette4b@mozilla.org,Female,25,314-527-1181
157,Dominica,Reckhouse,dreckhouse4c@statcounter.com,Genderfluid,16,123-154-4347
158,Karalee,Yakebovitch,kyakebovitch4d@yahoo.com,Female,23,915-499-2674
159,Brynna,Crisell,bcrisell4e@toplist.cz,Female,19,723-704-3866
160,Nana,Crankshaw,ncrankshaw4f@myspace.com,Female,19,492-201-1782
161,Grace,Duignan,gduignan4g@alibaba.com,Female,17,662-563-8865
162,Silvia,Kneeshaw,skneeshaw4h@wsj.com,Female,16,461-799-6609
163,Remy,Biggans,rbiggans4i@wiley.com,Female,21,572-966-1782
164,Ashlee,Nettleship,anettleship4j@about.com,Female,20,984-542-6110
165,Cornall,Caudray,ccaudray4k@dailymotion.com,Male,19,556-565-2233
166,Margret,Woollin,mwoollin4l@printfriendly.com,Female,25,484-695-1969
167,Melania,Brasher,mbrasher4m@vk.com,Female,24,988-717-2742
168,Fiorenze,Boddymead,fboddymead4n@fema.gov,Female,25,684-785-0181
169,Mamie,Chander,mchander4o@yandex.ru,Female,18,323-958-3522
170,Gregoor,Stuther,gstuther4p@vkontakte.ru,Male,24,787-445-6493
171,Danika,Britten,dbritten4q@fotki.com,Female,24,892-971-4469
172,Jaimie,Conneau,jconneau4r@state.gov,Female,19,705-328-9331
173,Elsinore,Alentyev,ealentyev4s@pinterest.com,Female,21,738-188-0194
174,Kellsie,Geare,kgeare4t@narod.ru,Female,21,566-401-9589
175,Cecil,McBean,cmcbean4u@ox.ac.uk,Male,23,935-842-1976
176,Emmalynn,Brownhill,ebrownhill4v@washingtonpost.com,Female,25,354-797-2199
177,Betta,Ibbeson,bibbeson4w@usa.gov,Female,19,692-909-3690
178,Karoline,Halston,khalston4x@yelp.com,Female,22,217-143-2780
179,Evyn,Phillips,ephillips4y@studiopress.com,Male,21,451-628-5542
180,Charlean,Kramer,ckramer4z@taobao.com,Female,17,121-510-8099
181,Elora,Lockhead,elockhead50@blogtalkradio.com,Female,19,102-573-6466
182,Rozina,Conybear,rconybear51@salon.com,Female,19,423-301-3113
183,Blithe,Onraet,bonraet52@intel.com,Female,19,950-177-8424
184,Allina,Salvidge,asalvidge53@usda.gov,Female,23,825-731-5662
185,Dorene,Jerrams,djerrams54@tiny.cc,Female,17,901-278-9731
186,Allys,Woolward,awoolward55@ezinearticles.com,Female,17,839-115-5059
187,Reid,de Chastelain,rdechastelain56@nymag.com,Male,19,212-645-3619
188,Kelvin,Thunderchief,kthunderchief57@sciencedaily.com,Male,25,744-409-7799
189,Shirlee,Gaskill,sgaskill58@gnu.org,Bigender,24,618-490-8378
190,Isidor,Cossey,icossey59@psu.edu,Male,19,664-124-8617
191,Jeremie,Mascall,jmascall5a@chron.com,Male,21,728-936-4183
192,Elisa,Nequest,enequest5b@tumblr.com,Female,23,559-721-3084
193,Lucretia,Medlicott,lmedlicott5c@alibaba.com,Female,22,304-642-1783
194,Damiano,Titcom,dtitcom5d@cornell.edu,Male,19,884-500-7803
195,Asia,Ferronier,aferronier5e@latimes.com,Female,24,304-904-4033
196,Ruth,Crump,rcrump5f@prlog.org,Female,16,387-896-4671
197,Abrahan,Mattersley,amattersley5g@fema.gov,Male,21,486-320-2020
198,Terri,Brickwood,tbrickwood5h@webeden.co.uk,Female,16,725-969-7788
199,Koralle,Ibbison,kibbison5i@themeforest.net,Female,16,702-365-2795
200,Cory,Piesing,cpiesing5j@friendfeed.com,Male,20,991-599-9368
201,Elwyn,Aveyard,eaveyard5k@diigo.com,Male,17,704-648-7597
202,Mallissa,Filkov,mfilkov5l@latimes.com,Female,21,816-871-3152
203,Nikoletta,Southey,nsouthey5m@uol.com.br,Female,20,483-703-8041
204,Genevieve,Pacht,gpacht5n@twitpic.com,Female,20,888-174-5968
205,Brent,Jakuszewski,bjakuszewski5o@uol.com.br,Male,24,880-609-9353
206,Brit,Bartholomieu,bbartholomieu5p@pinterest.com,Male,24,132-940-3958
207,Claudell,Killwick,ckillwick5q@4shared.com,Male,21,775-730-2869
208,Marwin,Poppleton,mpoppleton5r@seattletimes.com,Male,23,236-626-2681
209,Zebulon,Shere,zshere5s@amazonaws.com,Male,16,263-886-4175
210,Harman,Frick,hfrick5t@va.gov,Male,23,593-280-3906
211,Marlene,Gounin,mgounin5u@twitter.com,Female,20,503-669-7311
212,Chickie,Cantwell,ccantwell5v@dmoz.org,Non-binary,16,347-813-2713
213,Glendon,Boerderman,gboerderman5w@state.gov,Male,20,525-912-4192
214,Augustine,Done,adone5x@sciencedirect.com,Male,22,311-654-2676
215,Eveline,Catley,ecatley5y@zimbio.com,Agender,17,766-835-2994
216,Ethan,Warrior,ewarrior5z@statcounter.com,Male,16,691-656-2839
217,Anastassia,Gunthorpe,agunthorpe60@whitehouse.gov,Female,16,560-757-3593
218,Susy,Raynton,sraynton61@tuttocitta.it,Female,17,461-432-2008
219,Marve,Sandison,msandison62@oracle.com,Male,23,358-440-9130
220,Camey,Pavolillo,cpavolillo63@icio.us,Male,23,483-268-0240
221,Abby,Nobbs,anobbs64@gizmodo.com,Male,16,681-410-5780
222,Inga,Clemas,iclemas65@guardian.co.uk,Polygender,22,546-146-1858
223,Biddie,Becerro,bbecerro66@ca.gov,Non-binary,16,800-161-5755
224,Becca,Witling,bwitling67@epa.gov,Female,25,816-121-3826
225,Frances,Lampart,flampart68@booking.com,Female,18,438-405-6051
226,Sosanna,Pyatt,spyatt69@zdnet.com,Female,25,292-516-2619
227,Lenora,Whitticks,lwhitticks6a@moonfruit.com,Female,24,304-496-0583
228,Briana,Waber,bwaber6b@buzzfeed.com,Genderfluid,18,164-124-6797
229,Jenn,Crampsy,jcrampsy6c@infoseek.co.jp,Female,16,472-546-1557
230,Weber,Roy,wroy6d@twitter.com,Male,18,895-708-9342
231,Merry,Janeczek,mjaneczek6e@acquirethisname.com,Male,19,371-436-1480
232,Oralia,Sydall,osydall6f@ft.com,Female,24,901-794-1811
233,Gaby,Boutellier,gboutellier6g@yahoo.com,Bigender,21,136-159-1789
234,Cyndie,Veelers,cveelers6h@vkontakte.ru,Non-binary,25,566-375-6415
235,Stacia,Strowther,sstrowther6i@businessweek.com,Female,22,661-196-7697
236,Waverly,MacTague,wmactague6j@mapquest.com,Male,16,808-403-9257
237,Hanson,Skeeles,hskeeles6k@nyu.edu,Bigender,18,274-563-5502
238,Mariette,Cranham,mcranham6l@redcross.org,Female,19,943-746-2834
239,Mahmoud,Maidment,mmaidment6m@hubpages.com,Male,18,470-603-7259
240,Quentin,Burling,qburling6n@miitbeian.gov.cn,Female,16,338-590-6219
241,Brigid,Castel,bcastel6o@addthis.com,Female,21,701-193-6434
242,Andrey,Franzelini,afranzelini6p@home.pl,Male,24,836-878-4328
243,Wenonah,Smedmoor,wsmedmoor6q@un.org,Genderfluid,19,965-739-7641
244,Edwin,Ripley,eripley6r@un.org,Male,16,970-230-9474
245,Maurise,Kaye,mkaye6s@google.ru,Female,21,650-412-8674
246,Doria,Ramberg,dramberg6t@paginegialle.it,Female,25,947-680-8264
247,Asa,Mosconi,amosconi6u@wufoo.com,Male,25,211-119-3649
248,Somerset,Staniland,sstaniland6v@usa.gov,Male,17,724-176-4367
249,Waring,Crate,wcrate6w@home.pl,Male,19,210-456-0530
250,Warner,Scramage,wscramage6x@addtoany.com,Male,22,945-250-9531
251,Catie,Piele,cpiele6y@altervista.org,Female,16,853-962-6137
252,Giovanna,Dy,gdy6z@pagesperso-orange.fr,Female,19,261-560-6708
253,Ellis,Methingam,emethingam70@youtu.be,Male,20,712-883-9276
254,Herold,De Domenico,hdedomenico71@yale.edu,Male,20,317-735-2346
255,Marlin,Southey,msouthey72@facebook.com,Male,18,646-801-2440
256,Quentin,Worcs,qworcs73@elegantthemes.com,Male,25,166-984-7341
257,Gil,Trahearn,gtrahearn74@accuweather.com,Male,23,339-756-5362
258,Simon,Michelin,smichelin75@webs.com,Male,21,778-777-2153
259,Claudianus,Found,cfound76@epa.gov,Male,16,417-650-8962
260,Kerr,Scalera,kscalera77@arstechnica.com,Genderfluid,23,518-988-9054
261,Clea,Lillecrap,clillecrap78@google.com.au,Female,22,217-939-0996
262,Fredek,Merriday,fmerriday79@bbb.org,Male,16,416-153-6694
263,Beryle,Ridge,bridge7a@chicagotribune.com,Female,21,416-821-8360
264,Ashely,Atchly,aatchly7b@networksolutions.com,Female,16,134-620-4973
265,Jacklin,Freeman,jfreeman7c@xinhuanet.com,Female,19,642-278-0081
266,Nickolai,Deackes,ndeackes7d@printfriendly.com,Male,24,612-229-1780
267,Silvan,Schaffler,sschaffler7e@techcrunch.com,Male,24,267-476-5754
268,Morty,Restall,mrestall7f@yahoo.com,Male,21,283-450-1412
269,Carlene,Triggel,ctriggel7g@quantcast.com,Female,25,711-770-8678
270,Celesta,Imlen,cimlen7h@symantec.com,Female,22,309-701-1083
271,Quillan,Casseldine,qcasseldine7i@xrea.com,Male,25,912-248-5947
272,Paulette,Scawton,pscawton7j@woothemes.com,Female,18,395-742-0157
273,Ches,Delouch,cdelouch7k@washingtonpost.com,Male,19,391-762-3797
274,Virgilio,Hillaby,vhillaby7l@independent.co.uk,Male,22,983-489-4897
275,Fraser,Ivanaev,fivanaev7m@plala.or.jp,Male,21,458-483-5339
276,Georas,Dorkins,gdorkins7n@tamu.edu,Male,19,175-605-1960
277,Tiffy,Skydall,tskydall7o@google.it,Female,17,964-921-8962
278,Brittany,Russell,brussell7p@skyrock.com,Female,23,469-136-3626
279,Tad,Fidal,tfidal7q@msn.com,Male,22,990-239-0055
280,Isidora,Alloway,ialloway7r@hubpages.com,Female,25,214-534-9454
281,Ahmed,Cesconi,acesconi7s@delicious.com,Male,19,485-778-5861
282,Sanford,Medling,smedling7t@macromedia.com,Male,23,590-477-5471
283,Zaria,Snodden,zsnodden7u@ed.gov,Female,19,412-621-0021
284,Clarabelle,Breens,cbreens7v@arstechnica.com,Female,16,717-507-9520
285,Holly,Sandlin,hsandlin7w@hugedomains.com,Female,20,826-730-3126
286,Neddy,Hendrikse,nhendrikse7x@pcworld.com,Male,19,378-855-6379
287,Michaela,Ware,mware7y@edublogs.org,Female,17,886-982-4346
288,Gamaliel,Nelmes,gnelmes7z@youtu.be,Male,23,839-657-7894
289,Viole,Matthews,vmatthews80@alexa.com,Female,17,743-443-5275
290,Alexandro,Prigmore,aprigmore81@toplist.cz,Male,20,378-305-4017
291,Chev,Gravatt,cgravatt82@hp.com,Male,18,568-873-2449
292,Merill,Gilkes,mgilkes83@privacy.gov.au,Bigender,17,931-883-1989
293,Malynda,Loughman,mloughman84@sohu.com,Genderqueer,17,209-855-6861
294,Cati,Dorre,cdorre85@goodreads.com,Bigender,20,135-427-1117
295,Celesta,Gostridge,cgostridge86@ihg.com,Female,18,647-723-0355
296,Minette,Jarred,mjarred87@google.co.jp,Female,23,321-198-6833
297,Fidelio,Rabbet,frabbet88@yellowpages.com,Male,20,571-453-5493
298,Virgilio,Berrington,vberrington89@cafepress.com,Polygender,16,304-520-1266
299,Cory,Brahan,cbrahan8a@de.vu,Male,21,703-415-5998
300,Hercules,Aluard,haluard8b@economist.com,Male,24,538-608-4551
301,Maryjane,Killich,mkillich8c@odnoklassniki.ru,Female,21,323-994-0990
302,Burnaby,Jenyns,bjenyns8d@hexun.com,Male,16,356-386-3667
303,Brucie,Di Napoli,bdinapoli8e@timesonline.co.uk,Male,23,898-754-0951
304,Sarita,Wiffen,swiffen8f@ucoz.ru,Female,22,256-723-7339
305,Julianna,Gittings,jgittings8g@skyrock.com,Female,22,887-140-0929
306,Dominik,Smallcomb,dsmallcomb8h@aboutads.info,Male,17,623-631-5524
307,Harald,Geddis,hgeddis8i@fc2.com,Male,22,880-530-4899
308,Alissa,Angrove,aangrove8j@360.cn,Female,19,411-464-9658
309,Francesco,Winchcomb,fwinchcomb8k@prlog.org,Male,20,436-658-9120
310,Carine,Flewitt,cflewitt8l@hugedomains.com,Female,25,259-514-6541
311,Helena,Penhale,hpenhale8m@amazonaws.com,Female,24,472-239-9147
312,Barty,Bickle,bbickle8n@diigo.com,Male,16,980-261-7748
313,Etty,Gwynn,egwynn8o@mlb.com,Female,20,475-276-9363
314,Kayle,Brockley,kbrockley8p@studiopress.com,Female,18,228-245-3390
315,Dana,Tribble,dtribble8q@fda.gov,Male,23,951-107-6928
316,Amery,Hambridge,ahambridge8r@uiuc.edu,Male,17,448-199-3494
317,Rockie,Cockett,rcockett8s@discuz.net,Male,21,621-159-7391
318,Edi,Addicote,eaddicote8t@army.mil,Female,18,425-745-7856
319,Tabbi,Conaghan,tconaghan8u@dmoz.org,Female,20,546-456-4974
320,Juliane,Flew,jflew8v@fastcompany.com,Female,20,502-879-4695
321,Nicolais,Charville,ncharville8w@cocolog-nifty.com,Male,24,840-469-4042
322,Alene,Evans,aevans8x@moonfruit.com,Female,22,577-786-8548
323,Gwenny,Luciano,gluciano8y@hao123.com,Female,19,911-855-0351
324,Ammamaria,Backshall,abackshall8z@ucsd.edu,Bigender,24,781-533-4157
325,Barbe,Dover,bdover90@buzzfeed.com,Female,18,690-811-2858
326,Lonee,Wallbutton,lwallbutton91@prnewswire.com,Female,24,904-482-0483
327,Fletcher,Hayhoe,fhayhoe92@ezinearticles.com,Male,20,784-897-1003
328,Blakeley,Swiers,bswiers93@shinystat.com,Female,18,193-862-7436
329,Terencio,Parkisson,tparkisson94@techcrunch.com,Male,21,413-824-1991
330,Rachele,Stower,rstower95@google.fr,Female,16,840-993-2349
331,Kary,Fayers,kfayers96@paypal.com,Female,22,193-564-7436
332,Hobie,Barnett,hbarnett97@youtu.be,Male,23,223-899-5472
333,Tammy,Pipes,tpipes98@china.com.cn,Female,16,234-606-6003
334,Skippy,Abrahamsohn,sabrahamsohn99@gnu.org,Male,25,490-631-2333
335,Ryley,Risebarer,rrisebarer9a@fotki.com,Male,16,998-131-1619
336,Toby,Obispo,tobispo9b@1und1.de,Female,20,188-970-5883
337,Borden,Lynn,blynn9c@weebly.com,Male,22,917-384-2482
338,Bendick,Lunam,blunam9d@pcworld.com,Male,20,706-863-4252
339,Corabella,Gibbins,cgibbins9e@amazonaws.com,Female,24,205-824-1005
340,Marylee,Camerati,mcamerati9f@fda.gov,Female,20,106-196-8774
341,Laird,Yurasov,lyurasov9g@dailymotion.com,Male,23,646-161-9860
342,Lalo,Masarrat,lmasarrat9h@jigsy.com,Male,17,310-675-8376
343,Shaylah,Fronsek,sfronsek9i@wordpress.com,Female,18,684-884-8812
344,Clyde,Gravatt,cgravatt9j@sfgate.com,Male,18,537-430-1188
345,Derrick,Mott,dmott9k@hhs.gov,Male,24,952-333-9707
346,Rosita,Matussov,rmatussov9l@bbb.org,Genderfluid,23,188-594-2273
347,Licha,Muckleston,lmuckleston9m@house.gov,Female,23,307-314-4531
348,Lyndsey,Machan,lmachan9n@bigcartel.com,Female,20,276-567-1353
349,Vivianna,Traise,vtraise9o@edublogs.org,Female,16,146-453-0745
350,Rosalia,Whitelock,rwhitelock9p@constantcontact.com,Female,21,601-114-0556
351,Lynde,Sperrett,lsperrett9q@issuu.com,Female,22,158-794-5098
352,Dannie,Condict,dcondict9r@blogs.com,Female,24,608-355-1018
353,Mervin,Canto,mcanto9s@diigo.com,Male,22,201-297-9059
354,Vince,Reach,vreach9t@mapquest.com,Male,24,996-639-6465
355,Vikky,Wardington,vwardington9u@google.ru,Female,19,302-363-5756
356,Lilllie,Sawyers,lsawyers9v@blogtalkradio.com,Female,20,491-857-0229
357,Lenka,Butterwick,lbutterwick9w@nsw.gov.au,Female,21,929-155-8881
358,Michaela,Enoksson,menoksson9x@weather.com,Genderqueer,17,964-487-3897
359,Caroljean,Gauntlett,cgauntlett9y@hud.gov,Female,19,745-650-7040
360,Betteanne,Sends,bsends9z@issuu.com,Female,16,551-839-3620
361,Coletta,Camacke,ccamackea0@usnews.com,Female,21,240-843-2830
362,Leland,Keynes,lkeynesa1@virginia.edu,Female,17,100-913-1806
363,Jocko,Martlew,jmartlewa2@apache.org,Male,25,903-175-9871
364,Andre,Salkild,asalkilda3@free.fr,Male,17,104-143-6543
365,Eyde,Poor,epoora4@t.co,Female,21,544-201-6270
366,Cassey,Thurlow,cthurlowa5@livejournal.com,Female,23,507-389-0519
367,Gunner,Murrthum,gmurrthuma6@hhs.gov,Genderqueer,19,297-690-0791
368,Prinz,Ponter,ppontera7@xinhuanet.com,Male,16,790-727-3052
369,Starr,Littlekit,slittlekita8@tamu.edu,Female,16,428-903-0865
370,Nicola,Bilham,nbilhama9@diigo.com,Male,19,107-267-6771
371,Tedra,Ateridge,tateridgeaa@hibu.com,Non-binary,25,579-830-6587
372,Renata,McNaughton,rmcnaughtonab@psu.edu,Female,25,429-267-5852
373,Andromache,Kervin,akervinac@indiatimes.com,Female,17,558-537-6251
374,Lewes,Earry,learryad@cbc.ca,Male,22,431-356-0844
375,Andie,Spurritt,aspurrittae@mac.com,Female,19,679-583-2182
376,Archibold,Timmens,atimmensaf@booking.com,Male,17,646-326-2893
377,Hali,Moring,hmoringag@cmu.edu,Female,20,864-174-1221
378,Andrus,Wardroper,awardroperah@whitehouse.gov,Male,19,935-776-7894
379,Norry,Humes,nhumesai@mlb.com,Male,21,690-310-2048
380,Dayna,Blight,dblightaj@ox.ac.uk,Female,21,481-898-7829
381,Earvin,Shinfield,eshinfieldak@weebly.com,Male,21,476-465-5106
382,Karolina,Anwell,kanwellal@gov.uk,Female,21,267-174-6526
383,Merell,Tatters,mtattersam@yelp.com,Male,24,188-913-1519
384,Brynne,Gradwell,bgradwellan@microsoft.com,Female,25,126-468-0604
385,Ingrid,Bradly,ibradlyao@timesonline.co.uk,Female,21,920-561-0586
386,Scarlett,Piddington,spiddingtonap@blogtalkradio.com,Female,21,770-447-4273
387,Johnath,Rudiger,jrudigeraq@sitemeter.com,Polygender,18,112-284-5727
388,Stanton,Hambly,shamblyar@eventbrite.com,Bigender,22,440-688-9339
389,Patrizius,Ravelus,pravelusas@thetimes.co.uk,Polygender,16,270-481-5976
390,Kit,Boddice,kboddiceat@eepurl.com,Male,22,916-648-6599
391,Dalenna,Lieb,dliebau@vistaprint.com,Female,17,861-415-9649
392,Nicolai,Gilhouley,ngilhouleyav@mayoclinic.com,Male,20,702-423-8090
393,Horten,Sermin,hserminaw@hostgator.com,Male,24,590-399-6168
394,Ambrose,Millions,amillionsax@buzzfeed.com,Male,19,141-513-3649
395,Tana,Float,tfloatay@vinaora.com,Female,25,364-760-9397
396,Rosanne,Sorbie,rsorbieaz@nba.com,Female,20,697-753-4107
397,Keely,Asquith,kasquithb0@zdnet.com,Female,17,776-790-1557
398,Terri,Coey,tcoeyb1@disqus.com,Non-binary,22,581-934-5801
399,Art,Lassey,alasseyb2@nba.com,Male,20,226-342-9279
400,Paloma,Thor,pthorb3@census.gov,Female,20,945-812-4592
401,Mahmud,Stuchburie,mstuchburieb4@businessinsider.com,Male,18,523-326-0879
402,Kerry,Klimontovich,kklimontovichb5@goo.ne.jp,Female,20,898-412-3035
403,Theresa,Bailey,tbaileyb6@salon.com,Female,21,543-491-7043
404,Nikos,Salasar,nsalasarb7@wikipedia.org,Male,16,833-712-2237
405,Frederic,Wymer,fwymerb8@apache.org,Male,25,419-890-9308
406,Alice,Hinemoor,ahinemoorb9@edublogs.org,Female,18,849-614-3623
407,Penn,Pinchbeck,ppinchbeckba@rediff.com,Agender,25,184-572-9923
408,Gordie,Wolters,gwoltersbb@aboutads.info,Male,22,625-918-4784
409,Aldwin,Bentzen,abentzenbc@bbb.org,Male,22,244-103-9991
410,Silvain,Checci,scheccibd@shutterfly.com,Male,21,290-270-8137
411,Chad,Hansana,chansanabe@ted.com,Male,23,836-967-5534
412,Cello,Radki,cradkibf@so-net.ne.jp,Male,25,673-664-7382
413,Barty,Guiver,bguiverbg@ocn.ne.jp,Genderqueer,24,885-608-3553
414,Quintin,Joyes,qjoyesbh@w3.org,Male,20,554-642-9105
415,Averell,Tinn,atinnbi@nydailynews.com,Genderfluid,23,533-251-1913
416,Batholomew,Weepers,bweepersbj@mysql.com,Male,19,128-278-3372
417,Kimbell,Dudney,kdudneybk@amazon.co.uk,Male,16,546-335-6290
418,Pren,Surmeir,psurmeirbl@behance.net,Male,16,417-369-1449
419,Eydie,Labern,elabernbm@apple.com,Female,23,109-999-8879
420,Denney,Errol,derrolbn@yellowbook.com,Male,18,873-219-0576
421,Dareen,Sara,dsarabo@flavors.me,Bigender,18,972-532-3360
422,Dalis,Yurinov,dyurinovbp@netvibes.com,Polygender,24,331-439-4285
423,Quentin,Cruikshank,qcruikshankbq@sciencedirect.com,Male,17,358-323-7017
424,Heinrik,Potten,hpottenbr@sfgate.com,Male,24,227-580-8906
425,Sutherlan,Coskerry,scoskerrybs@nih.gov,Male,18,383-593-9299
426,Damon,Kik,dkikbt@wsj.com,Male,20,527-113-2696
427,Tallulah,Batterson,tbattersonbu@imgur.com,Female,19,219-135-3517
428,Lammond,Marnane,lmarnanebv@alibaba.com,Male,24,909-734-4224
429,Kara-lynn,Stockman,kstockmanbw@indiatimes.com,Female,16,813-828-1273
430,Peder,Grishin,pgrishinbx@ebay.co.uk,Male,18,862-862-3930
431,Clemmy,Rudgard,crudgardby@symantec.com,Male,21,757-841-1262
432,Janeczka,Downey,jdowneybz@edublogs.org,Female,17,788-542-8122
433,Eddie,Lennie,elenniec0@harvard.edu,Male,16,402-859-3950
434,Francois,Hawlgarth,fhawlgarthc1@mediafire.com,Male,18,800-173-9405
435,Gay,Halford,ghalfordc2@constantcontact.com,Female,17,675-121-0423
436,Lorenzo,Iacopetti,liacopettic3@vinaora.com,Male,16,766-595-8176
437,Earle,Jain,ejainc4@newyorker.com,Male,22,386-260-2565
438,Harley,Outram,houtramc5@phpbb.com,Male,23,705-627-5273
439,Delainey,Airds,dairdsc6@ovh.net,Male,25,293-275-0050
440,Gaile,Brugmann,gbrugmannc7@wufoo.com,Male,16,469-106-1033
441,Gussi,Pitkethly,gpitkethlyc8@cyberchimps.com,Female,20,854-730-2449
442,Claudelle,Nickell,cnickellc9@goodreads.com,Female,17,844-787-9108
443,Sher,Blanque,sblanqueca@indiegogo.com,Female,21,612-125-7224
444,Luisa,Platts,lplattscb@mtv.com,Female,18,894-886-6264
445,Jessey,Cello,jcellocc@wikispaces.com,Male,16,926-552-4456
446,Kent,Heardman,kheardmancd@mac.com,Male,20,212-907-8236
447,Julian,Flecknoe,jflecknoece@over-blog.com,Male,23,110-333-3631
448,Caren,Gamett,cgamettcf@hugedomains.com,Female,24,308-211-0207
449,Allx,McLurg,amclurgcg@deliciousdays.com,Genderqueer,16,587-135-0064
450,Marietta,Hunn,mhunnch@cocolog-nifty.com,Male,22,135-705-5501
451,Corey,DelaField,cdelafieldci@marriott.com,Male,17,189-521-3825
452,Bethanne,Duddy,bduddycj@accuweather.com,Female,23,682-793-8817
453,Megen,Levins,mlevinsck@jimdo.com,Female,17,666-726-8456
454,Clement,Clapson,cclapsoncl@over-blog.com,Male,21,232-673-0856
455,Ruthi,Sher,rshercm@qq.com,Female,18,415-104-2963
456,Carly,Ghirardi,cghirardicn@redcross.org,Female,25,687-238-8734
457,Roseanna,Grioli,rgriolico@usda.gov,Female,17,350-452-9304
458,Freedman,Cosyns,fcosynscp@discuz.net,Genderfluid,25,249-258-0263
459,Parnell,Inold,pinoldcq@phpbb.com,Male,16,104-421-9426
460,Saree,Dudderidge,sdudderidgecr@wikia.com,Non-binary,21,339-970-3824
461,Eustace,Spavon,espavoncs@fema.gov,Male,18,451-749-1377
462,Shep,Eginton,segintonct@washingtonpost.com,Male,17,578-786-9881
463,Ross,Cherm,rchermcu@prweb.com,Male,17,209-716-3844
464,Arman,Walshaw,awalshawcv@merriam-webster.com,Male,24,882-765-9361
465,Elwyn,Addie,eaddiecw@google.de,Male,23,488-313-1092
466,Bethena,Varns,bvarnscx@skyrock.com,Female,24,946-896-4096
467,Marja,Le Merchant,mlemerchantcy@google.ru,Female,22,780-951-6883
468,Janette,Weeds,jweedscz@wordpress.com,Female,23,356-339-8206
469,Benjamin,McCudden,bmccuddend0@123-reg.co.uk,Male,20,796-112-3592
470,Alon,Gotcher,agotcherd1@slate.com,Male,19,349-497-5176
471,Gianna,Crighton,gcrightond2@nih.gov,Female,17,295-569-1868
472,Josias,Clingoe,jclingoed3@mac.com,Male,19,126-876-6070
473,Brewster,Orpen,borpend4@parallels.com,Male,21,624-168-0603
474,Phebe,Daft,pdaftd5@nationalgeographic.com,Female,22,971-263-8801
475,Connor,O'Nolan,conoland6@digg.com,Male,20,714-998-4354
476,Xylina,Linforth,xlinforthd7@acquirethisname.com,Female,18,899-566-5668
477,Erna,Cordner,ecordnerd8@si.edu,Female,17,166-668-6262
478,Leora,Eyree,leyreed9@people.com.cn,Female,25,775-844-9439
479,Vida,Condell,vcondellda@list-manage.com,Female,22,360-260-0895
480,Judas,Lannen,jlannendb@networksolutions.com,Male,21,981-533-1711
481,Zarah,Cootes,zcootesdc@indiatimes.com,Female,23,695-456-3300
482,Jerrie,Arnli,jarnlidd@typepad.com,Male,21,561-758-3152
483,Sella,Toffaloni,stoffalonide@mozilla.org,Female,16,208-185-9181
484,Marlo,Colthard,mcoltharddf@pagesperso-orange.fr,Genderfluid,16,795-644-3546
485,Teddy,Earle,tearledg@hexun.com,Male,25,917-429-4993
486,Ellwood,Ourry,eourrydh@e-recht24.de,Male,21,230-615-6545
487,Oralle,Glozman,oglozmandi@symantec.com,Female,23,767-151-2252
488,Murray,Poulsom,mpoulsomdj@deliciousdays.com,Male,18,151-535-0315
489,Verge,Noice,vnoicedk@ucoz.com,Genderqueer,16,336-699-0623
490,Cyril,Holdin,choldindl@marketwatch.com,Male,17,560-666-4588
491,Merwyn,Musterd,mmusterddm@google.ru,Male,22,576-943-7657
492,Ted,De Michetti,tdemichettidn@wordpress.org,Male,24,824-843-8917
493,Luci,Corney,lcorneydo@un.org,Female,23,623-185-3174
494,Bunny,Bowcher,bbowcherdp@washington.edu,Agender,20,516-185-8836
495,Germain,Hughs,ghughsdq@wix.com,Female,18,249-375-9194
496,Ruthann,Ponten,rpontendr@chicagotribune.com,Female,23,518-956-7937
497,Enrique,Droghan,edroghands@dailymotion.com,Male,23,807-217-2725
498,Kayle,Rickaby,krickabydt@cbsnews.com,Female,23,915-560-4601
499,Maurice,Rispin,mrispindu@wufoo.com,Male,23,524-935-5665
500,Gabriello,Masham,gmashamdv@friendfeed.com,Male,22,684-442-8268
501,Jakie,Lydster,jlydsterdw@amazon.co.uk,Male,20,119-516-4554
502,Aurora,Blackesland,ablackeslanddx@yandex.ru,Female,22,456-849-5821
503,Leon,Petras,lpetrasdy@mozilla.com,Male,23,116-947-5544
504,Tybi,Thouless,tthoulessdz@elpais.com,Polygender,21,736-560-0459
505,Andrea,Matisoff,amatisoffe0@prweb.com,Female,18,887-835-3544
506,Merissa,Franceschielli,mfranceschiellie1@instagram.com,Female,22,302-868-6596
507,Boniface,Poplee,bpopleee2@bbc.co.uk,Male,24,861-940-6890
508,Stephanus,Yurinov,syurinove3@cmu.edu,Male,22,416-838-6269
509,Aldwin,Perrie,aperriee4@paypal.com,Male,16,990-455-8012
510,Valeda,Passman,vpassmane5@ameblo.jp,Female,16,565-865-8405
511,Julian,Josland,jjoslande6@ed.gov,Male,18,376-955-1342
512,Anastasie,Kochel,akochele7@webeden.co.uk,Female,19,624-964-6642
513,Andra,Thurner,athurnere8@xinhuanet.com,Female,21,272-964-3090
514,Brigg,Larby,blarbye9@shop-pro.jp,Male,23,627-864-1672
515,Bernie,Chilver,bchilverea@webs.com,Male,18,203-176-7405
516,Curcio,Bracci,cbraccieb@cornell.edu,Male,21,806-923-8373
517,Viola,Lukacs,vlukacsec@naver.com,Female,18,799-542-2287
518,Jerrie,Strainge,jstraingeed@illinois.edu,Male,25,276-422-9170
519,Melodie,Oxenford,moxenfordee@intel.com,Female,24,371-370-6083
520,Dulcia,Fonte,dfonteef@webs.com,Female,18,576-908-3127
521,Brandie,Satford,bsatfordeg@cbsnews.com,Female,17,659-203-3451
522,Nikaniki,Luke,nlukeeh@ca.gov,Female,22,628-593-7914
523,Honoria,Kanwell,hkanwellei@auda.org.au,Female,21,159-184-6058
524,Caldwell,Etheredge,cetheredgeej@netvibes.com,Male,23,699-195-7437
525,Obediah,Kardos-Stowe,okardosstoweek@ustream.tv,Male,18,912-109-7899
526,Sherye,Lagadu,slagaduel@icio.us,Female,17,523-141-7759
527,Aylmar,Dudding,aduddingem@state.gov,Male,20,920-937-0464
528,Bobina,Seacroft,bseacroften@seattletimes.com,Female,21,750-997-9505
529,Lefty,Baignard,lbaignardeo@baidu.com,Male,18,862-779-3325
530,Gaynor,Paulat,gpaulatep@goo.ne.jp,Female,24,213-281-2022
531,Fara,Keson,fkesoneq@woothemes.com,Female,23,640-345-8235
532,Grace,Holah,gholaher@independent.co.uk,Female,16,802-524-9764
533,Shanan,Dunstall,sdunstalles@mapquest.com,Male,19,948-272-8300
534,Florian,Stutard,fstutardet@nyu.edu,Male,19,337-537-9530
535,Sherie,Humblestone,shumblestoneeu@netvibes.com,Female,23,914-813-6525
536,Joelle,Pirri,jpirriev@boston.com,Female,24,252-806-4192
537,Clywd,Bouzek,cbouzekew@reuters.com,Male,21,191-432-6513
538,Francisca,Fee,ffeeex@printfriendly.com,Female,23,511-695-0643
539,Zarla,Vakhlov,zvakhlovey@drupal.org,Female,23,954-506-0695
540,Gabi,O'Dyvoy,godyvoyez@indiatimes.com,Male,19,730-572-0243
541,Andreana,Lanmeid,alanmeidf0@techcrunch.com,Female,22,382-570-7197
542,Dermot,McGettrick,dmcgettrickf1@example.com,Male,25,439-814-5376
543,Saloma,Andrzejczak,sandrzejczakf2@senate.gov,Female,25,516-579-2213
544,Seymour,Brody,sbrodyf3@webmd.com,Male,19,859-227-6134
545,Minnie,Try,mtryf4@dell.com,Female,25,512-718-3500
546,Lela,Hradsky,lhradskyf5@about.com,Female,18,541-220-0759
547,Diana,Costerd,dcosterdf6@stanford.edu,Female,17,538-316-7960
548,Doralynne,De Domenico,ddedomenicof7@lycos.com,Female,20,533-149-3414
549,Anatollo,Elwell,aelwellf8@dedecms.com,Male,17,888-898-5947
550,Harriette,Feldmark,hfeldmarkf9@ehow.com,Female,24,502-152-2431
551,Issi,Wickardt,iwickardtfa@so-net.ne.jp,Female,19,464-518-4382
552,Howey,Kermode,hkermodefb@github.com,Male,20,351-820-0556
553,Calvin,Cyson,ccysonfc@va.gov,Male,24,578-768-5673
554,Astra,Allcott,aallcottfd@google.com.au,Genderqueer,20,230-527-1710
555,Standford,Shervil,sshervilfe@blog.com,Male,18,602-509-9818
556,Dolly,Mullard,dmullardff@redcross.org,Female,18,188-306-4314
557,Dur,Domnick,ddomnickfg@multiply.com,Male,20,635-530-3125
558,Othilia,Giovanardi,ogiovanardifh@wufoo.com,Female,23,354-122-0820
559,Maurits,Rawlence,mrawlencefi@cbslocal.com,Male,21,558-430-9839
560,Dara,Cobelli,dcobellifj@nhs.uk,Female,18,521-722-7341
561,Shirline,Marques,smarquesfk@springer.com,Female,19,981-630-5695
562,Saudra,Colbrun,scolbrunfl@slate.com,Female,19,416-263-7294
563,Stanford,Senescall,ssenescallfm@twitter.com,Male,19,172-141-6123
564,Sheree,Wellesley,swellesleyfn@myspace.com,Female,21,343-870-4471
565,Carline,Belcham,cbelchamfo@sina.com.cn,Female,19,251-968-8188
566,Sidney,Brimfield,sbrimfieldfp@purevolume.com,Male,19,989-511-1839
567,Halimeda,Chawkley,hchawkleyfq@aol.com,Female,23,567-918-3901
568,Gibby,Beernt,gbeerntfr@list-manage.com,Male,21,797-206-9392
569,Richy,Vellacott,rvellacottfs@soup.io,Male,24,263-449-9009
570,Barnabe,Wolledge,bwolledgeft@usnews.com,Male,24,770-970-4756
571,Christophe,Moakson,cmoaksonfu@irs.gov,Male,22,184-865-8353
572,Jae,Logsdale,jlogsdalefv@youtu.be,Male,23,538-536-8349
573,Gabi,Greer,ggreerfw@etsy.com,Male,23,398-589-1272
574,Gaultiero,Chaundy,gchaundyfx@hugedomains.com,Male,16,257-421-8252
575,Norma,Bullocke,nbullockefy@dailymotion.com,Female,19,937-933-8807
576,Rozalin,Haugen,rhaugenfz@nifty.com,Female,24,962-842-3383
577,Trixie,Betteney,tbetteneyg0@blog.com,Female,17,501-752-2683
578,Matilda,Laffin,mlaffing1@google.es,Female,25,627-822-8367
579,Dominique,Brien,dbrieng2@si.edu,Genderqueer,22,232-464-8864
580,Thurstan,Whitcomb,twhitcombg3@yale.edu,Male,20,666-524-4806
581,Cyrus,Tumility,ctumilityg4@ovh.net,Male,22,714-303-7511
582,Lawrence,Carbine,lcarbineg5@drupal.org,Male,16,638-361-7422
583,Audrey,Martill,amartillg6@soup.io,Non-binary,19,567-563-9550
584,Elisabet,Pettman,epettmang7@pbs.org,Female,23,822-345-2435
585,Gloriana,MacCarter,gmaccarterg8@smh.com.au,Female,17,498-757-9560
586,Maryjane,Rickerd,mrickerdg9@hhs.gov,Female,24,747-255-7151
587,Chilton,Corking,ccorkingga@icio.us,Male,18,224-820-3052
588,Carlyn,Woolfitt,cwoolfittgb@state.tx.us,Non-binary,24,654-292-7576
589,Bondy,Liddell,bliddellgc@cdbaby.com,Male,21,200-761-7923
590,Porty,Clift,pcliftgd@google.de,Male,19,898-636-0179
591,Demetre,Roselli,drosellige@ftc.gov,Male,22,444-352-7086
592,Jordan,Crowley,jcrowleygf@berkeley.edu,Female,20,949-592-2056
593,Holly,Spridgeon,hspridgeongg@usda.gov,Male,25,445-270-1806
594,Lyndsay,Galfour,lgalfourgh@163.com,Female,21,320-712-9323
595,Jacintha,Willshear,jwillsheargi@wufoo.com,Female,16,696-335-3470
596,Cassey,Skin,cskingj@tinyurl.com,Female,19,352-638-4237
597,Reuben,Killford,rkillfordgk@dyndns.org,Male,20,147-992-7411
598,Theodor,Ferrand,tferrandgl@upenn.edu,Male,23,253-699-4226
599,Granny,Scotson,gscotsongm@barnesandnoble.com,Male,20,385-619-9449
600,Morry,Dicke,mdickegn@woothemes.com,Male,24,289-621-4482
601,Elnora,Hallawell,ehallawellgo@house.gov,Female,18,839-435-7421
602,Verile,Farans,vfaransgp@devhub.com,Female,21,581-594-8600
603,Terrye,Andryszczak,tandryszczakgq@photobucket.com,Polygender,20,332-903-6680
604,Brennan,Muddle,bmuddlegr@spotify.com,Male,21,465-794-6922
605,Brook,Sedgwick,bsedgwickgs@vimeo.com,Female,22,246-600-7742
606,Waverly,McVittie,wmcvittiegt@ed.gov,Male,19,209-251-5862
607,Kamila,Grabbam,kgrabbamgu@photobucket.com,Female,24,405-416-4713
608,Twyla,Allabush,tallabushgv@yellowbook.com,Female,20,479-340-5585
609,Cathe,Piel,cpielgw@hp.com,Female,20,351-494-6928
610,Eleanore,Philipart,ephilipartgx@cpanel.net,Female,17,275-668-8205
611,Fredrika,Mariette,fmariettegy@microsoft.com,Female,16,118-181-0272
612,Albert,Kinkade,akinkadegz@soup.io,Male,20,495-236-1911
613,Maxie,Dunnet,mdunneth0@hud.gov,Male,19,392-994-3644
614,Bertine,Holstein,bholsteinh1@stanford.edu,Female,19,683-209-7691
615,Caprice,Payle,cpayleh2@cmu.edu,Female,20,261-974-6543
616,Eddy,Facchini,efacchinih3@oaic.gov.au,Male,24,393-364-3207
617,Gordie,Guage,gguageh4@bbb.org,Genderqueer,18,678-611-6170
618,Peterus,Bayman,pbaymanh5@bloomberg.com,Genderqueer,21,491-631-5108
619,Torrey,Squibbes,tsquibbesh6@wiley.com,Male,19,582-706-0372
620,Gregory,Pert,gperth7@myspace.com,Male,25,816-531-0486
621,Ariel,Incogna,aincognah8@gravatar.com,Male,19,376-368-1628
622,Marlane,Mead,mmeadh9@toplist.cz,Female,16,197-853-5496
623,Melania,Sollowaye,msollowayeha@sciencedaily.com,Female,18,448-972-8820
624,Em,Ruddom,eruddomhb@usnews.com,Female,23,207-715-5387
625,Calhoun,Cossor,ccossorhc@mac.com,Male,19,310-753-9275
626,Frazer,Keatley,fkeatleyhd@1und1.de,Bigender,20,616-114-8234
627,Bunny,Dornin,bdorninhe@blogs.com,Female,23,498-408-6726
628,Cornie,Bernardotti,cbernardottihf@sohu.com,Male,24,308-691-1492
629,Annabella,Gransden,agransdenhg@netvibes.com,Female,18,968-678-1258
630,Zebedee,Gittis,zgittishh@hhs.gov,Male,16,168-258-9179
631,Dukie,Brabender,dbrabenderhi@imgur.com,Male,21,632-257-6933
632,Cobby,Ealles,cealleshj@sbwire.com,Male,24,896-290-2495
633,Erwin,Will,ewillhk@mysql.com,Male,19,571-946-3266
634,Vaclav,Abba,vabbahl@desdev.cn,Male,20,581-648-6286
635,Amalea,Lecordier,alecordierhm@mashable.com,Female,25,251-304-9356
636,Pier,Leipelt,pleipelthn@wikia.com,Female,16,824-955-2642
637,Felicity,Vinnick,fvinnickho@jiathis.com,Female,20,344-190-1399
638,Ginger,Ades,gadeshp@godaddy.com,Female,16,170-533-4407
639,Fidel,Townson,ftownsonhq@berkeley.edu,Male,22,357-223-1765
640,Shem,Deschlein,sdeschleinhr@usgs.gov,Male,19,807-785-3987
641,Kristian,Sine,ksinehs@canalblog.com,Male,21,571-491-8003
642,Marys,Darkins,mdarkinsht@reference.com,Female,22,831-649-2440
643,Paco,Evangelinos,pevangelinoshu@cisco.com,Male,25,781-958-2097
644,Jenni,Dundin,jdundinhv@foxnews.com,Female,25,586-434-9138
645,Jandy,MacTrustrie,jmactrustriehw@who.int,Female,21,694-969-0843
646,Fax,Clitherow,fclitherowhx@globo.com,Male,24,497-749-7207
647,Roscoe,Writtle,rwrittlehy@163.com,Male,24,309-121-2775
648,Eleonora,Ahren,eahrenhz@cafepress.com,Female,22,152-604-4930
649,Merrel,Smallpiece,msmallpiecei0@imgur.com,Male,21,627-846-0512
650,Griffy,Klaessen,gklaesseni1@is.gd,Male,25,558-895-5738
651,Alyce,Ellick,aellicki2@twitpic.com,Genderqueer,24,996-612-9595
652,Celia,Hruska,chruskai3@instagram.com,Female,25,382-106-5166
653,Iseabal,Sherland,isherlandi4@tripod.com,Female,20,651-125-6874
654,Wilhelmina,Shankle,wshanklei5@ihg.com,Female,24,198-107-0829
655,Feliks,Briggs,fbriggsi6@instagram.com,Polygender,16,661-283-2057
656,Isabelle,Guilloud,iguilloudi7@flickr.com,Female,19,409-576-3460
657,Hamish,Sirmon,hsirmoni8@facebook.com,Male,16,700-256-2649
658,Marabel,Olner,molneri9@hibu.com,Female,24,198-126-5806
659,Devland,Busse,dbusseia@nasa.gov,Male,22,872-504-4562
660,Guillaume,Waddilove,gwaddiloveib@merriam-webster.com,Male,22,511-145-7357
661,Boothe,MacAfee,bmacafeeic@theglobeandmail.com,Male,18,217-414-8241
662,Oralle,Kencott,okencottid@craigslist.org,Female,18,758-302-6849
663,Catlee,Harnor,charnorie@1und1.de,Female,19,157-966-9116
664,Elia,Halmkin,ehalmkinif@dion.ne.jp,Male,25,893-566-4608
665,Nappy,Stayte,nstayteig@epa.gov,Agender,17,900-960-8785
666,Ezechiel,Vannikov,evannikovih@posterous.com,Genderqueer,21,201-143-8241
667,Mel,Rentilll,mrentilllii@opensource.org,Bigender,17,843-693-4815
668,Angel,Mathie,amathieij@nationalgeographic.com,Female,20,930-823-7228
669,Astra,Wareing,awareingik@sogou.com,Female,17,194-728-7830
670,Wolf,Whatson,wwhatsonil@sciencedirect.com,Male,25,398-729-2230
671,Rodina,Avison,ravisonim@answers.com,Female,21,233-131-0276
672,Biron,Blackden,bblackdenin@naver.com,Male,20,316-652-6993
673,Idelle,Fulger,ifulgerio@sourceforge.net,Female,23,980-832-9346
674,Deanna,Dykas,ddykasip@mapy.cz,Female,23,962-113-6707
675,Maribel,Moakes,mmoakesiq@taobao.com,Female,17,920-597-2490
676,Blake,O' Borne,boborneir@google.com.br,Male,16,377-774-7293
677,Hillary,Bettam,hbettamis@ebay.com,Female,19,636-227-3836
678,Alon,Gainsboro,againsboroit@plala.or.jp,Male,18,306-919-8699
679,Elonore,Leas,eleasiu@nhs.uk,Female,24,551-827-0500
680,Myranda,Dunlop,mdunlopiv@telegraph.co.uk,Female,18,933-727-2375
681,Tamma,Di Pietro,tdipietroiw@wired.com,Non-binary,23,781-183-5662
682,Aguie,Hecks,ahecksix@seattletimes.com,Male,25,918-519-4177
683,Rheta,Gutowski,rgutowskiiy@mac.com,Female,16,757-443-8799
684,Hank,Hurne,hhurneiz@com.com,Male,23,153-864-9988
685,Gipsy,Ferryn,gferrynj0@dion.ne.jp,Female,20,326-434-2759
686,Nikolas,Janda,njandaj1@epa.gov,Male,21,866-600-6868
687,Elspeth,De Ruggiero,ederuggieroj2@i2i.jp,Female,16,851-426-2321
688,Griff,Linne,glinnej3@unblog.fr,Male,24,400-245-7249
689,Stormy,Peatheyjohns,speatheyjohnsj4@mapquest.com,Female,23,864-527-4042
690,Stanley,Halso,shalsoj5@harvard.edu,Male,23,829-148-6858
691,Talia,Sweett,tsweettj6@xrea.com,Female,18,927-940-0729
692,Alberto,Priddey,apriddeyj7@netlog.com,Male,17,232-887-6812
693,Pedro,Jann,pjannj8@google.com,Male,24,240-902-0505
694,Emanuele,Clohisey,eclohiseyj9@studiopress.com,Male,22,870-991-0152
695,Hubey,Crowdson,hcrowdsonja@aboutads.info,Male,16,138-949-2947
696,Tedman,McKane,tmckanejb@deliciousdays.com,Male,18,505-114-8612
697,Stuart,Laxton,slaxtonjc@usgs.gov,Male,24,252-992-5691
698,Marlowe,Aiton,maitonjd@imgur.com,Male,18,922-454-7206
699,Bethany,Griswaite,bgriswaiteje@spotify.com,Female,23,429-495-4515
700,Bianka,Misson,bmissonjf@rediff.com,Female,24,618-676-0604
701,Terrel,Tumioto,ttumiotojg@telegraph.co.uk,Male,23,442-942-9518
702,Saul,Bassil,sbassiljh@pen.io,Male,24,947-870-8078
703,Dante,Raveau,draveauji@de.vu,Male,18,257-855-9492
704,Berkly,Sydry,bsydryjj@geocities.jp,Male,20,248-291-4789
705,Brian,Wapples,bwapplesjk@nyu.edu,Male,25,942-257-6914
706,Krista,Dudden,kduddenjl@linkedin.com,Female,21,685-102-3585
707,Kaleena,Thurstan,kthurstanjm@unc.edu,Female,25,371-930-5223
708,Ulla,Everton,uevertonjn@miitbeian.gov.cn,Female,16,287-756-5119
709,Horatia,Sawkin,hsawkinjo@sohu.com,Female,16,137-334-3990
710,Doroteya,Bowdon,dbowdonjp@abc.net.au,Female,16,829-248-5591
711,Yorke,Paxton,ypaxtonjq@so-net.ne.jp,Male,20,611-616-5577
712,Elinor,Rubinsohn,erubinsohnjr@imdb.com,Non-binary,19,379-171-3308
713,Gamaliel,Foley,gfoleyjs@opensource.org,Male,17,677-210-9374
714,Ginny,Sinderland,gsinderlandjt@histats.com,Bigender,20,183-939-8563
715,Kelly,Jovicevic,kjovicevicju@baidu.com,Bigender,16,257-273-8737
716,Gradey,Trunkfield,gtrunkfieldjv@ycombinator.com,Male,21,772-694-7112
717,Benedetta,Bus,bbusjw@skyrock.com,Genderqueer,20,355-663-0746
718,Horace,Rubinsohn,hrubinsohnjx@omniture.com,Male,22,430-511-4524
719,Bar,Cisco,bciscojy@naver.com,Male,17,524-551-1065
720,Darby,Asipenko,dasipenkojz@berkeley.edu,Female,25,229-213-8628
721,Janifer,Fanti,jfantik0@vimeo.com,Female,21,609-391-8495
722,Judye,Ovitts,jovittsk1@loc.gov,Female,21,292-180-2707
723,Paddie,Danforth,pdanforthk2@parallels.com,Male,20,867-791-9031
724,Niko,Matas,nmatask3@techcrunch.com,Male,25,588-214-8768
725,Teddy,Offell,toffellk4@ucoz.ru,Male,18,198-668-2161
726,Morley,Lissemore,mlissemorek5@nature.com,Male,16,440-865-9814
727,Julieta,Quiney,jquineyk6@usa.gov,Female,19,955-323-4434
728,Chickie,Kennedy,ckennedyk7@gizmodo.com,Male,17,714-450-4548
729,Gaby,Alpes,galpesk8@google.com.br,Male,17,520-594-6711
730,Siffre,Patey,spateyk9@tripadvisor.com,Male,20,662-789-9028
731,Korney,Brook,kbrookka@unicef.org,Female,24,737-844-4838
732,Rene,Dacre,rdacrekb@wired.com,Male,18,187-265-1481
733,Lesley,Boord,lboordkc@facebook.com,Male,22,133-604-8287
734,Hobie,Uman,humankd@github.io,Male,23,864-612-6009
735,Ellyn,Stubbes,estubbeske@spotify.com,Female,24,951-440-2054
736,Cherilynn,O'Hengerty,cohengertykf@sphinn.com,Female,25,501-242-5610
737,Cchaddie,Mattingly,cmattinglykg@geocities.com,Male,16,423-520-0542
738,Donal,Yule,dyulekh@google.fr,Male,19,719-344-3410
739,Berti,Eatock,beatockki@washingtonpost.com,Male,19,684-638-4396
740,Lelah,McGaughay,lmcgaughaykj@php.net,Female,20,485-950-6311
741,Camile,Feilden,cfeildenkk@mlb.com,Female,20,664-435-3878
742,Rudyard,Schukraft,rschukraftkl@spiegel.de,Male,19,754-382-1151
743,Gena,Billing,gbillingkm@skype.com,Female,19,906-341-2516
744,Orelie,Whimper,owhimperkn@cbsnews.com,Female,20,679-534-9843
745,Jacinthe,de Merida,jdemeridako@geocities.jp,Female,22,333-800-5609
746,Lanae,Brimm,lbrimmkp@rediff.com,Female,24,879-615-8387
747,Bernie,Hannis,bhanniskq@wired.com,Non-binary,20,542-257-2948
748,Florenza,Pollak,fpollakkr@icio.us,Female,21,577-613-4126
749,Daryl,Cromleholme,dcromleholmeks@imageshack.us,Female,25,944-548-7546
750,Willabella,Maytom,wmaytomkt@ning.com,Female,18,350-900-1135
751,Kendal,Ovey,koveyku@epa.gov,Male,16,957-330-1251
752,Gardy,Cowdery,gcowderykv@lycos.com,Male,23,310-629-2211
753,Mychal,Commings,mcommingskw@dailymail.co.uk,Male,23,155-962-4964
754,Ellie,Bleacher,ebleacherkx@cbslocal.com,Polygender,21,297-165-8440
755,Sylvia,Sowray,ssowrayky@cbc.ca,Female,22,382-336-8291
756,Godart,Muzzi,gmuzzikz@yale.edu,Male,23,708-884-6794
757,Henryetta,Brandenburg,hbrandenburgl0@slashdot.org,Female,18,433-787-4330
758,Ulrikaumeko,Ely,uelyl1@prlog.org,Female,24,542-845-6491
759,Rupert,Beauchop,rbeauchopl2@stumbleupon.com,Male,18,262-487-3471
760,Saundra,Stiell,sstielll3@desdev.cn,Female,16,455-567-2652
761,Lynna,Arsnell,larsnelll4@cbsnews.com,Female,23,585-780-5038
762,Nestor,Nehls,nnehlsl5@opensource.org,Polygender,24,967-489-9505
763,Red,Di Biagi,rdibiagil6@kickstarter.com,Male,16,385-677-3888
764,Ernestus,Redmille,eredmillel7@storify.com,Male,20,339-220-9425
765,Jodi,Gummow,jgummowl8@jiathis.com,Genderqueer,20,296-604-8382
766,Olivette,Brobak,obrobakl9@bluehost.com,Agender,21,377-950-5043
767,Silvana,Hirtzmann,shirtzmannla@fda.gov,Female,22,136-892-7292
768,Sloan,Swinnard,sswinnardlb@techcrunch.com,Male,25,651-802-8956
769,Riobard,Simnel,rsimnellc@nytimes.com,Male,19,495-547-4057
770,Nolan,Le Floch,nleflochld@livejournal.com,Male,16,989-936-4771
771,Warde,Alderson,waldersonle@indiegogo.com,Male,18,936-930-9212
772,Leta,Heggison,lheggisonlf@xing.com,Female,24,843-431-0973
773,Della,Decayette,ddecayettelg@cargocollective.com,Female,24,568-749-9794
774,Amos,Papes,apapeslh@imdb.com,Genderqueer,20,333-685-1950
775,Dianne,Winn,dwinnli@pagesperso-orange.fr,Female,17,315-436-4000
776,Gisele,Kindley,gkindleylj@columbia.edu,Female,25,382-424-9366
777,Royall,Yitshak,ryitshaklk@cloudflare.com,Male,23,752-254-8105
778,Debbi,Cato,dcatoll@csmonitor.com,Female,19,833-352-4285
779,Augustin,Cokayne,acokaynelm@tripod.com,Male,17,623-205-4597
780,Abeu,Hechlin,ahechlinln@nasa.gov,Male,25,365-975-4303
781,Opaline,Somerled,osomerledlo@delicious.com,Female,17,478-551-3387
782,Waly,Dudleston,wdudlestonlp@hostgator.com,Female,23,357-474-3746
783,Emlen,Pitceathly,epitceathlylq@techcrunch.com,Male,18,280-965-0924
784,Howard,Stillert,hstillertlr@technorati.com,Male,16,967-297-8776
785,Baillie,Kolyagin,bkolyaginls@opensource.org,Genderqueer,17,677-400-8312
786,Kathie,Aldwinckle,kaldwincklelt@comcast.net,Female,18,323-521-1718
787,Haskel,Bettam,hbettamlu@php.net,Male,19,662-227-0933
788,Julina,Pentycost,jpentycostlv@creativecommons.org,Female,17,229-999-0009
789,Darb,Matuschek,dmatuscheklw@webnode.com,Female,19,266-860-9540
790,Augustin,Trowsdale,atrowsdalelx@nsw.gov.au,Male,20,304-341-0486
791,Evania,Iorizzi,eiorizzily@biglobe.ne.jp,Female,16,765-653-6710
792,Lin,Castagne,lcastagnelz@google.com.br,Male,21,154-263-3496
793,Rosita,Iacopo,riacopom0@about.com,Female,17,615-229-7006
794,Gabie,Enright,genrightm1@lulu.com,Male,18,654-204-7729
795,Odelia,Antrobus,oantrobusm2@linkedin.com,Female,19,352-816-0441
796,Giorgia,Munton,gmuntonm3@intel.com,Female,25,500-674-3172
797,Muire,McMichell,mmcmichellm4@patch.com,Genderfluid,17,304-820-9281
798,Fergus,Exon,fexonm5@com.com,Male,20,814-514-9124
799,Taddeo,Timlin,ttimlinm6@hexun.com,Male,22,214-503-6145
800,Farlee,Livezey,flivezeym7@ycombinator.com,Male,23,726-869-4592
801,Mina,Hounsom,mhounsomm8@amazon.co.uk,Agender,19,348-440-4395
802,Hilliard,Adriaens,hadriaensm9@dropbox.com,Male,19,370-991-6130
803,Faulkner,Breydin,fbreydinma@latimes.com,Male,18,542-464-7757
804,Tyler,Avraam,tavraammb@fema.gov,Male,19,512-547-3938
805,Giorgi,Button,gbuttonmc@twitpic.com,Male,18,515-119-0300
806,Valentine,Mangin,vmanginmd@kickstarter.com,Female,25,108-599-5580
807,Betty,Blenkensop,bblenkensopme@hao123.com,Female,19,121-640-6020
808,Randy,Farren,rfarrenmf@soundcloud.com,Female,17,727-852-3029
809,Gabe,Puller,gpullermg@lycos.com,Male,25,127-565-9448
810,Torry,Scotson,tscotsonmh@prnewswire.com,Male,16,688-749-2354
811,Engelbert,Schoular,eschoularmi@pagesperso-orange.fr,Male,22,539-440-2688
812,Phil,Gyrgorcewicx,pgyrgorcewicxmj@amazon.de,Female,20,487-873-1541
813,Francene,Oventon,foventonmk@pinterest.com,Female,22,745-830-1463
814,Creight,Oldnall,coldnallml@sina.com.cn,Male,20,321-276-4372
815,Tammy,Meletti,tmelettimm@hatena.ne.jp,Female,18,803-177-4524
816,Angelique,Woodbridge,awoodbridgemn@discuz.net,Genderfluid,23,821-422-7235
817,Bastian,Quarless,bquarlessmo@so-net.ne.jp,Male,16,284-702-8770
818,Jaimie,Vreede,jvreedemp@meetup.com,Male,22,559-164-9996
819,Trever,Gaitskill,tgaitskillmq@kickstarter.com,Male,19,349-509-1987
820,Devland,Nice,dnicemr@dell.com,Male,25,832-865-6560
821,Tab,Embling,temblingms@list-manage.com,Male,18,614-645-4127
822,Charlene,Zellner,czellnermt@theglobeandmail.com,Female,18,784-984-0617
823,Daniel,Vader,dvadermu@google.de,Male,23,883-675-2550
824,Arabele,Bigglestone,abigglestonemv@nytimes.com,Female,18,852-799-7783
825,Callida,Ixer,cixermw@ask.com,Female,23,262-255-6148
826,Ford,Dimeloe,fdimeloemx@trellian.com,Genderqueer,24,476-549-6511
827,Melisa,Wife,mwifemy@scientificamerican.com,Female,20,520-947-6729
828,Kinny,Scrange,kscrangemz@samsung.com,Male,19,328-911-7494
829,Therine,Strangeway,tstrangewayn0@nymag.com,Genderfluid,19,287-361-8757
830,Fiann,McAreavey,fmcareaveyn1@narod.ru,Female,19,125-722-3733
831,Keith,McKillop,kmckillopn2@mlb.com,Male,18,251-860-3258
832,Tommy,Nicholas,tnicholasn3@jugem.jp,Genderfluid,25,709-468-4749
833,Aldric,Tolson,atolsonn4@google.com.br,Male,23,449-163-0659
834,Heloise,Ceci,hcecin5@yandex.ru,Female,17,863-224-6645
835,Orsola,Paull,opaulln6@last.fm,Female,21,431-555-6291
836,Balduin,Raspel,braspeln7@techcrunch.com,Male,21,695-763-0711
837,Clementius,Gooden,cgoodenn8@wix.com,Male,17,245-453-9489
838,Ammamaria,Giovannacc@i,agiovannaccin9@ocn.ne.jp,Female,22,792-945-5250
839,Inness,Bundy,ibundyna@youtube.com,Male,23,410-655-9229
840,Worden,Canelas,wcanelasnb@icq.com,Polygender,25,601-381-6901
841,Louisa,Caruth,lcaruthnc@oakley.com,Female,24,308-461-2717
842,Justino,Pluthero,jplutherond@blogger.com,Male,16,744-656-2931
843,Marlane,Zarfai,mzarfaine@gmpg.org,Female,22,184-294-3692
844,Marice,Iacavone,miacavonenf@netlog.com,Female,23,617-740-4875
845,Sascha,Stiegars,sstiegarsng@flavors.me,Female,16,496-462-3343
846,Teirtza,Bachellier,tbachelliernh@hud.gov,Female,25,600-706-8706
847,Bartel,Leavey,bleaveyni@patch.com,Male,20,229-551-8171
848,Clemmie,Pescott,cpescottnj@paginegialle.it,Male,21,561-683-0560
849,Aubrette,Legerwood,alegerwoodnk@ifeng.com,Female,24,173-476-9335
850,Kikelia,Drewe,kdrewenl@forbes.com,Female,24,326-513-5076
851,Bertram,Bayne,bbaynenm@desdev.cn,Male,23,647-167-1727
852,Kailey,Rauprich,krauprichnn@shareasale.com,Genderfluid,24,674-205-6056
853,Marabel,Badwick,mbadwickno@mysql.com,Female,23,363-872-6431
854,Tish,Dearlove,tdearlovenp@prweb.com,Female,19,234-946-8124
855,Sibylla,Szanto,sszantonq@stanford.edu,Female,24,630-338-1716
856,Clarey,Tuckey,ctuckeynr@imdb.com,Female,24,151-729-1893
857,Orson,Spurritt,ospurrittns@timesonline.co.uk,Male,19,301-375-3644
858,Falito,Dibb,fdibbnt@zimbio.com,Male,19,779-575-8264
859,Deeanne,Cockill,dcockillnu@odnoklassniki.ru,Female,23,201-699-5874
860,Mimi,Sudron,msudronnv@google.fr,Female,25,403-961-6457
861,Farrell,Rambadt,frambadtnw@mozilla.com,Male,21,452-730-4268
862,Joannes,O'Loughlin,joloughlinnx@examiner.com,Female,24,418-706-6569
863,Brigitte,McCarrell,bmccarrellny@soundcloud.com,Female,24,626-478-4968
864,Brewster,Noad,bnoadnz@stumbleupon.com,Male,18,715-597-4187
865,Laurel,Di Pietro,ldipietroo0@sourceforge.net,Female,21,214-582-1588
866,Agnesse,Slobom,aslobomo1@wikispaces.com,Female,22,419-679-1519
867,Correy,Dyter,cdytero2@clickbank.net,Male,19,628-387-8466
868,Ranique,Simnel,rsimnelo3@uiuc.edu,Female,23,722-696-9478
869,Rouvin,Feast,rfeasto4@ucoz.com,Male,18,568-488-1658
870,Adelle,Latimer,alatimero5@bizjournals.com,Female,23,288-192-2454
871,Brunhilde,Loraine,bloraineo6@wunderground.com,Bigender,16,910-780-3120
872,Muffin,Baskerville,mbaskervilleo7@wired.com,Female,21,561-379-7986
873,Ford,Burne,fburneo8@flavors.me,Male,19,876-149-6755
874,Marthena,McCarrell,mmccarrello9@alibaba.com,Female,20,336-771-5658
875,Nathaniel,Greathead,ngreatheadoa@youku.com,Male,22,547-361-5442
876,Joletta,Clamp,jclampob@dion.ne.jp,Female,22,139-380-3520
877,Davie,Pratley,dpratleyoc@dedecms.com,Male,25,105-709-4890
878,Darda,Bewlay,dbewlayod@wikimedia.org,Female,24,904-572-0075
879,Kahlil,Shevels,kshevelsoe@sogou.com,Male,17,430-269-6249
880,Michale,Gooderick,mgooderickof@hatena.ne.jp,Male,19,415-834-9028
881,Natalee,Clayworth,nclayworthog@ebay.co.uk,Female,24,254-435-4213
882,Roddy,Tembridge,rtembridgeoh@joomla.org,Male,17,801-398-7871
883,Grethel,Kirsop,gkirsopoi@blinklist.com,Bigender,24,123-900-0261
884,Ado,Dicks,adicksoj@1und1.de,Male,19,720-759-5499
885,Adolphe,Abbots,aabbotsok@admin.ch,Male,23,311-681-4674
886,Myrtia,Hazlehurst,mhazlehurstol@topsy.com,Female,18,611-706-1701
887,Zed,Coupland,zcouplandom@opera.com,Male,18,150-271-3495
888,Marlowe,Viscovi,mviscovion@moonfruit.com,Male,24,419-700-6414
889,Pacorro,Maude,pmaudeoo@ca.gov,Male,22,500-664-2234
890,Gae,Morville,gmorvilleop@jalbum.net,Female,16,754-907-3864
891,Boycie,Nugent,bnugentoq@unblog.fr,Male,25,272-330-4748
892,Alexandro,Head,aheador@dropbox.com,Male,25,250-766-5813
893,Malina,Aingel,maingelos@webnode.com,Agender,16,214-675-3375
894,Kissee,Wittey,kwitteyot@netlog.com,Female,16,905-135-8761
895,Brook,Nulty,bnultyou@joomla.org,Non-binary,19,884-227-4801
896,Dianna,Benne,dbenneov@1688.com,Female,20,976-661-3485
897,Hadlee,Bradshaw,hbradshawow@freewebs.com,Male,22,885-815-4242
898,Edwin,Pestor,epestorox@google.com.br,Male,18,194-221-2581
899,Melisande,Persich,mpersichoy@google.pl,Female,17,473-305-2118
900,Francklyn,Baggs,fbaggsoz@google.com.br,Male,16,334-947-5432
901,Hyacinthie,Collinge,hcollingep0@wikimedia.org,Female,24,398-644-9827
902,Torey,Szimoni,tszimonip1@psu.edu,Male,19,207-202-8294
903,Sharleen,Collaton,scollatonp2@friendfeed.com,Female,18,357-890-4144
904,Trenton,Dener,tdenerp3@nifty.com,Male,23,627-750-3979
905,Yorke,Crownshaw,ycrownshawp4@aboutads.info,Male,16,896-664-7266
906,Isadora,Gregol,igregolp5@oracle.com,Female,16,381-179-8986
907,Xymenes,Yude,xyudep6@harvard.edu,Male,18,371-307-7846
908,Reynard,Druitt,rdruittp7@squarespace.com,Male,23,816-902-7862
909,Cassie,Hintze,chintzep8@mozilla.com,Female,17,375-641-9764
910,Eduard,Calfe,ecalfep9@mtv.com,Male,20,703-239-6348
911,Mellisa,Calafato,mcalafatopa@geocities.com,Female,25,678-330-8767
912,Carlina,Dani,cdanipb@answers.com,Female,25,130-477-2146
913,Fay,Leach,fleachpc@networksolutions.com,Female,19,527-429-7729
914,Deina,Vasilyonok,dvasilyonokpd@cloudflare.com,Female,19,437-410-6136
915,Edgard,Kubec,ekubecpe@chronoengine.com,Male,18,238-280-1682
916,Yvonne,Spedding,yspeddingpf@sourceforge.net,Female,21,793-864-2644
917,Chris,Abramchik,cabramchikpg@sitemeter.com,Male,19,390-736-5132
918,Nicoli,Lindenboim,nlindenboimph@redcross.org,Female,21,375-556-3236
919,Arney,Brito,abritopi@netlog.com,Male,20,109-627-0064
920,Shay,McEwan,smcewanpj@biblegateway.com,Female,23,100-890-8939
921,Rollins,Elloit,relloitpk@mediafire.com,Male,19,413-860-7883
922,Edsel,Rolfini,erolfinipl@vimeo.com,Non-binary,24,214-735-6552
923,Maressa,Delve,mdelvepm@aol.com,Female,23,991-422-0315
924,Benedetta,Strowther,bstrowtherpn@wordpress.com,Female,22,476-774-3770
925,Tiphani,Blackwood,tblackwoodpo@google.co.uk,Female,25,549-178-8745
926,Finlay,Yeardsley,fyeardsleypp@blogspot.com,Male,22,738-675-5841
927,Garfield,Hughill,ghughillpq@ovh.net,Male,19,627-371-5389
928,Tod,Kincla,tkinclapr@jimdo.com,Male,19,432-464-4435
929,Nichol,Murdie,nmurdieps@4shared.com,Female,19,204-435-9336
930,Roley,Edess,redesspt@hatena.ne.jp,Male,19,144-160-7403
931,Elysha,Charters,echarterspu@dailymail.co.uk,Female,20,336-340-1542
932,Glori,Macknish,gmacknishpv@seattletimes.com,Female,17,378-214-5979
933,Karin,Dorn,kdornpw@behance.net,Female,17,691-622-5338
934,Tana,Puleston,tpulestonpx@elpais.com,Female,19,267-312-9191
935,Meredithe,Pumfrett,mpumfrettpy@blogger.com,Female,21,982-813-6261
936,Freeman,Thickin,fthickinpz@hhs.gov,Male,17,839-771-6958
937,Tirrell,Ketchell,tketchellq0@gov.uk,Male,22,320-155-6037
938,Bonni,Sarginson,bsarginsonq1@stumbleupon.com,Female,20,583-635-2007
939,Tiffani,Ervin,tervinq2@sitemeter.com,Female,25,432-649-3559
940,Cully,Bader,cbaderq3@ca.gov,Male,19,666-864-7263
941,Cecile,Durward,cdurwardq4@redcross.org,Female,17,692-589-6877
942,Florella,Sennett,fsennettq5@mediafire.com,Female,25,631-584-9093
943,Walsh,Dupoy,wdupoyq6@pagesperso-orange.fr,Agender,19,303-223-4315
944,Morse,Reuther,mreutherq7@mail.ru,Male,17,672-684-4816
945,Roxane,D'Andrea,rdandreaq8@narod.ru,Female,24,937-914-6496
946,Fredia,Murricanes,fmurricanesq9@bigcartel.com,Female,19,946-249-4898
947,Francoise,Dimsdale,fdimsdaleqa@prweb.com,Female,25,116-617-6568
948,Marie-ann,Callen,mcallenqb@histats.com,Genderfluid,23,538-867-3267
949,Grissel,Macia,gmaciaqc@cdbaby.com,Female,19,336-212-7881
950,Annabel,Matteris,amatterisqd@foxnews.com,Female,23,930-471-0615
951,Bond,Jacklings,bjacklingsqe@fastcompany.com,Agender,22,366-220-7828
952,Sherill,Hampstead,shampsteadqf@slideshare.net,Female,22,744-341-2576
953,Reube,Lewknor,rlewknorqg@msn.com,Male,23,929-333-6333
954,Devi,Prys,dprysqh@xinhuanet.com,Female,21,723-505-6397
955,Anatol,Desquesnes,adesquesnesqi@hubpages.com,Male,23,981-582-3776
956,Yulma,McSparran,ymcsparranqj@oakley.com,Male,16,699-221-6286
957,Antonio,Pegden,apegdenqk@skype.com,Male,22,253-866-6157
958,Marni,Fihelly,mfihellyql@nifty.com,Female,17,605-495-3209
959,Ruperto,Spleving,rsplevingqm@ucoz.ru,Male,18,731-447-5375
960,Budd,McIndoe,bmcindoeqn@comsenz.com,Male,18,290-918-0557
961,Lurette,Guinan,lguinanqo@gmpg.org,Female,20,123-383-2459
962,Nickolaus,Dorant,ndorantqp@examiner.com,Male,24,504-406-2981
963,Luella,Karpushkin,lkarpushkinqq@issuu.com,Female,16,656-360-1069
964,Man,Decaze,mdecazeqr@sakura.ne.jp,Male,22,400-398-2098
965,Angelina,Melmoth,amelmothqs@4shared.com,Female,20,612-458-1959
966,Inigo,Causer,icauserqt@ocn.ne.jp,Male,22,178-364-5803
967,Tabina,Winspeare,twinspearequ@dell.com,Female,22,569-344-5504
968,Eugene,Falconbridge,efalconbridgeqv@tripod.com,Male,20,687-661-8969
969,Ashlin,Farreil,afarreilqw@youku.com,Male,22,609-555-9345
970,Elmer,Van de Velde,evandeveldeqx@etsy.com,Male,19,288-441-1618
971,Vite,Cawley,vcawleyqy@last.fm,Male,18,719-272-0248
972,Donn,Huntingford,dhuntingfordqz@shutterfly.com,Male,23,718-400-7452
973,Ekaterina,Matkovic,ematkovicr0@amazon.com,Polygender,17,141-605-1223
974,Correna,McGeoch,cmcgeochr1@twitpic.com,Female,19,365-480-8972
975,Chris,Gietz,cgietzr2@bravesites.com,Male,19,372-978-4360
976,Darrel,Crassweller,dcrasswellerr3@toplist.cz,Male,20,952-891-0626
977,Inglis,Folbige,ifolbiger4@instagram.com,Male,24,686-394-2575
978,Martelle,Leynham,mleynhamr5@cpanel.net,Genderqueer,24,980-628-5763
979,Kahlil,Cisson,kcissonr6@sitemeter.com,Male,21,766-931-9441
980,Evangelina,Rhule,erhuler7@walmart.com,Female,20,329-144-2863
981,Avery,Chesher,achesherr8@php.net,Male,17,466-322-8351
982,Kristoffer,Tilliards,ktilliardsr9@paginegialle.it,Agender,21,555-526-4214
983,Adda,Chatainier,achatainierra@geocities.jp,Female,19,888-661-6247
984,Gwennie,Lembcke,glembckerb@businesswire.com,Female,19,190-160-0218
985,Harold,Cirlos,hcirlosrc@1und1.de,Male,19,925-186-9943
986,Erl,Woodruffe,ewoodrufferd@constantcontact.com,Non-binary,18,462-335-6635
987,Whit,Filpi,wfilpire@hubpages.com,Male,23,101-190-8047
988,Gwendolin,Rudram,grudramrf@businessinsider.com,Female,16,735-480-9889
989,Christean,Harkes,charkesrg@squarespace.com,Female,16,513-568-9703
990,Ernestus,Pickhaver,epickhaverrh@jiathis.com,Male,18,209-517-3372
991,Stephan,Andreichik,sandreichikri@bluehost.com,Non-binary,22,345-342-8608
992,Cheston,Billion,cbillionrj@sohu.com,Male,22,330-259-6171
993,Josy,Scowen,jscowenrk@cnn.com,Female,19,266-432-0118
994,Cassey,Moysey,cmoyseyrl@epa.gov,Female,19,684-163-1072
995,Melisenda,Bolderstone,mbolderstonerm@google.com.hk,Female,21,763-564-0092
996,Huntlee,Hawson,hhawsonrn@skype.com,Male,24,449-974-1169
997,Dulsea,Trunby,dtrunbyro@discuz.net,Female,19,530-574-9598
998,Reeva,Bouzek,rbouzekrp@bluehost.com,Female,25,567-611-5408
999,Cody,Rodbourne,crodbournerq@aol.com,Male,25,396-314-7652
1000,Hyacinthia,Proudlove,hproudloverr@ustream.tv,Female,22,473-225-1621
